Year,Subject,Sex,Parish,Value
2018,English A Only,Female,,5038
2018,English A Only,Male,,2740
2018,English A Only,,Jamaica,7778
2018,English A Only,,Kingston,495
2018,English A Only,,St  Andrew,1368
2018,English A Only,,St  Thomas,245
2018,English A Only,Portland,268,undefined
2018,English A Only,,St  Mary,436
2018,English A Only,,St  Ann,534
2018,English A Only,,Trelawny,230
2018,English A Only,,St  James,446
2018,English A Only,,Hanover,271
2018,English A Only,,Westmoreland,320
2018,English A Only,,St  Elizabeth,511
2018,English A Only,,Manchester,503
2018,English A Only,,Clarendon,713
2018,English A Only,,St  Catherine,1438
2018,Mathematics Only,Female,,1206
2018,Mathematics Only,Male,,1266
2018,Mathematics Only,,Jamaica,2472
2018,Mathematics Only,,Kingston,256
2018,Mathematics Only,,St  Andrew,601
2018,Mathematics Only,,St  Thomas,82
2018,Mathematics Only,Portland,51,undefined
2018,Mathematics Only,,St  Mary,149
2018,Mathematics Only,,St  Ann,133
2018,Mathematics Only,,Trelawny,26
2018,Mathematics Only,,St  James,107
2018,Mathematics Only,,Hanover,54
2018,Mathematics Only,,Westmoreland,101
2018,Mathematics Only,,St  Elizabeth,134
2018,Mathematics Only,,Manchester,85
2018,Mathematics Only,,Clarendon,200
2018,Mathematics Only,,St  Catherine,493
2018,English A and Mathematics,Female,,6421
2018,English A and Mathematics,Male,,3952
2018,English A and Mathematics,,Jamaica,10373
2018,English A and Mathematics,,Kingston,1117
2018,English A and Mathematics,,St  Andrew,2505
2018,English A and Mathematics,,St  Thomas,217
2018,English A and Mathematics,Portland,232,undefined
2018,English A and Mathematics,,St  Mary,326
2018,English A and Mathematics,,St  Ann,466
2018,English A and Mathematics,,Trelawny,372
2018,English A and Mathematics,,St  James,939
2018,English A and Mathematics,,Hanover,172
2018,English A and Mathematics,,Westmoreland,421
2018,English A and Mathematics,,St  Elizabeth,511
2018,English A and Mathematics,,Manchester,730
2018,English A and Mathematics,,Clarendon,1173
2018,English A and Mathematics,,St  Catherine,1192
2018,English A and/or Mathematics,Female,,12665
2018,English A and/or Mathematics,Male,,7958
2018,English A and/or Mathematics,,Jamaica,20623
2018,English A and/or Mathematics,,Kingston,1868
2018,English A and/or Mathematics,,St  Andrew,4474
2018,English A and/or Mathematics,,St  Thomas,544
2018,English A and/or Mathematics,Portland,551,undefined
2018,English A and/or Mathematics,,St  Mary,911
2018,English A and/or Mathematics,,St  Ann,1133
2018,English A and/or Mathematics,,Trelawny,628
2018,English A and/or Mathematics,,St  James,1492
2018,English A and/or Mathematics,,Hanover,497
2018,English A and/or Mathematics,,Westmoreland,842
2018,English A and/or Mathematics,,St  Elizabeth,1156
2018,English A and/or Mathematics,,Manchester,1318
2018,English A and/or Mathematics,,Clarendon,2086
2018,English A and/or Mathematics,,St  Catherine,3123
2018,Per cent of Cohort,Female,,65.0
2018,Per cent of Cohort,Male,,42.6
2018,Per cent of Cohort,,Jamaica,54.0
2018,Per cent of Cohort,,Kingston,62.9
2018,Per cent of Cohort,,St  Andrew,71.1
2018,Per cent of Cohort,,St  Thomas,47.3
2018,Per cent of Cohort,Portland,43.4,undefined
2018,Per cent of Cohort,,St  Mary,48.4
2018,Per cent of Cohort,,St  Ann,47.1
2018,Per cent of Cohort,,Trelawny,48.0
2018,Per cent of Cohort,,St  James,57.9
2018,Per cent of Cohort,,Hanover,37.0
2018,Per cent of Cohort,,Westmoreland,45.6
2018,Per cent of Cohort,,St  Elizabeth,47.6
2018,Per cent of Cohort,,Manchester,54.5
2018,Per cent of Cohort,,Clarendon,50.5
2018,Per cent of Cohort,,St  Catherine,50.6
2017,English A Only,Female,,5486.0
2017,English A Only,Male,,3485.0
2017,English A Only,,Jamaica,8971.0
2017,English A Only,,Kingston,617.0
2017,English A Only,,St  Andrew,1640.0
2017,English A Only,,St  Thomas,259.0
2017,English A Only,Portland,287,
2017,English A Only,,St  Mary,461.0
2017,English A Only,,St  Ann,592.0
2017,English A Only,,Trelawny,264.0
2017,English A Only,,St  James,569.0
2017,English A Only,,Hanover,326.0
2017,English A Only,,Westmoreland,391.0
2017,English A Only,,St  Elizabeth,528.0
2017,English A Only,,Manchester,538.0
2017,English A Only,,Clarendon,916.0
2017,English A Only,,St  Catherine,1583.0
2017,Mathematics Only,Female,,1066.0
2017,Mathematics Only,Male,,1120.0
2017,Mathematics Only,,Jamaica,2186.0
2017,Mathematics Only,,Kingston,269.0
2017,Mathematics Only,,St  Andrew,535.0
2017,Mathematics Only,,St  Thomas,73.0
2017,Mathematics Only,Portland,50,
2017,Mathematics Only,,St  Mary,163.0
2017,Mathematics Only,,St  Ann,119.0
2017,Mathematics Only,,Trelawny,39.0
2017,Mathematics Only,,St  James,141.0
2017,Mathematics Only,,Hanover,45.0
2017,Mathematics Only,,Westmoreland,76.0
2017,Mathematics Only,,St  Elizabeth,132.0
2017,Mathematics Only,,Manchester,85.0
2017,Mathematics Only,,Clarendon,173.0
2017,Mathematics Only,,St  Catherine,286.0
2017,English A and Mathematics,Female,,6002.0
2017,English A and Mathematics,Male,,3650.0
2017,English A and Mathematics,,Jamaica,9652.0
2017,English A and Mathematics,,Kingston,1048.0
2017,English A and Mathematics,,St  Andrew,2483.0
2017,English A and Mathematics,,St  Thomas,160.0
2017,English A and Mathematics,Portland,243,
2017,English A and Mathematics,,St  Mary,279.0
2017,English A and Mathematics,,St  Ann,507.0
2017,English A and Mathematics,,Trelawny,280.0
2017,English A and Mathematics,,St  James,693.0
2017,English A and Mathematics,,Hanover,152.0
2017,English A and Mathematics,,Westmoreland,397.0
2017,English A and Mathematics,,St  Elizabeth,515.0
2017,English A and Mathematics,,Manchester,723.0
2017,English A and Mathematics,,Clarendon,1058.0
2017,English A and Mathematics,,St  Catherine,1114.0
2017,English A and/or Mathematics,Female,,12554.0
2017,English A and/or Mathematics,Male,,8255.0
2017,English A and/or Mathematics,,Jamaica,20809.0
2017,English A and/or Mathematics,,Kingston,1934.0
2017,English A and/or Mathematics,,St  Andrew,4658.0
2017,English A and/or Mathematics,,St  Thomas,492.0
2017,English A and/or Mathematics,Portland,580,
2017,English A and/or Mathematics,,St  Mary,903.0
2017,English A and/or Mathematics,,St  Ann,1218.0
2017,English A and/or Mathematics,,Trelawny,583.0
2017,English A and/or Mathematics,,St  James,1403.0
2017,English A and/or Mathematics,,Hanover,523.0
2017,English A and/or Mathematics,,Westmoreland,864.0
2017,English A and/or Mathematics,,St  Elizabeth,1175.0
2017,English A and/or Mathematics,,Manchester,1346.0
2017,English A and/or Mathematics,,Clarendon,2147.0
2017,English A and/or Mathematics,,St  Catherine,2983.0
2017,Per cent of Cohort,Female,,62.6
2017,Per cent of Cohort,Male,,43.1
2017,Per cent of Cohort,,Jamaica,53.1
2017,Per cent of Cohort,,Kingston,61.8
2017,Per cent of Cohort,,St  Andrew,71.3
2017,Per cent of Cohort,,St  Thomas,37.7
2017,Per cent of Cohort,Portland,46.2,
2017,Per cent of Cohort,,St  Mary,50.9
2017,Per cent of Cohort,,St  Ann,51.9
2017,Per cent of Cohort,,Trelawny,44.3
2017,Per cent of Cohort,,St  James,53.1
2017,Per cent of Cohort,,Hanover,39.6
2017,Per cent of Cohort,,Westmoreland,43.3
2017,Per cent of Cohort,,St  Elizabeth,46.7
2017,Per cent of Cohort,,Manchester,54.5
2017,Per cent of Cohort,,Clarendon,49.5
2017,Per cent of Cohort,,St  Catherine,47.8
