Year,Kapos mountain class,Ipcc class,Unit,Category,Value
2000,k1,Forest,(%),,0.0
2000,k1,Cropland,(%),,0.0
2000,k1,Grassland,(%),,0.0
2000,k1,Wetland,(%),,0.0
2000,k1,Settlement,(%),,0.0
2000,k1,Other Land,(%),,0.0
2000,k1,MGCI,(%),,0.0
2000,,MGCI All,(%),,98.81
2000,k2,Forest,(%),,0.0
2000,k2,Cropland,(%),,0.0
2000,k2,Grassland,(%),,0.0
2000,k2,Wetland,(%),,0.0
2000,k2,Settlement,(%),,0.0
2000,k2,Other Land,(%),,0.0
2000,k2,MGCI,(%),,0.0
2000,k3,Forest,(%),,0.0
2000,k3,Cropland,(%),,0.0
2000,k3,Grassland,(%),,0.0
2000,k3,Wetland,(%),,0.0
2000,k3,Settlement,(%),,0.0
2000,k3,Other Land,(%),,0.0
2000,k3,MGCI,(%),,0.0
2000,k4,Forest,(%),,94.34
2000,k4,Cropland,(%),,5.66
2000,k4,Grassland,(%),,0.0
2000,k4,Wetland,(%),,0.0
2000,k4,Settlement,(%),,0.0
2000,k4,Other Land,(%),,0.0
2000,k4,MGCI,(%),,100.0
2000,k5,Forest,(%),,75.7
2000,k5,Cropland,(%),,24.16
2000,k5,Grassland,(%),,0.0
2000,k5,Wetland,(%),,0.0
2000,k5,Settlement,(%),,0.13
2000,k5,Other Land,(%),,0.01
2000,k5,MGC,(%),,99.87
2010,k1,Forest,(%),,0.0
2010,k1,Cropland,(%),,0.0
2010,k1,Grassland,(%),,0.0
2010,k1,Wetland,(%),,0.0
2010,k1,Settlement,(%),,0.0
2010,k1,Other Land,(%),,0.0
2010,k1,MGCI,(%),,0.0
2010,,MGCI All,(%),,97.75
2010,k2,Forest,(%),,0.0
2010,k2,Cropland,(%),,0.0
2010,k2,Grassland,(%),,0.0
2010,k2,Wetland,(%),,0.0
2010,k2,Settlement,(%),,0.0
2010,k2,Other Land,(%),,0.0
2010,k2,MGCI,(%),,0.0
2010,k3,Forest,(%),,0.0
2010,k3,Cropland,(%),,0.0
2010,k3,Grassland,(%),,0.0
2010,k3,Wetland,(%),,0.0
2010,k3,Settlement,(%),,0.0
2010,k3,Other Land,(%),,0.0
2010,k3,MGCI,(%),,0.0
2010,k4,Forest,(%),,95.68
2010,k4,Cropland,(%),,4.32
2010,k4,Grassland,(%),,0.0
2010,k4,Wetland,(%),,0.0
2010,k4,Settlement,(%),,0.0
2010,k4,Other Land,(%),,0.0
2010,k4,MGCI,(%),,100.0
2010,k5,Forest,(%),,75.24
2010,k5,Cropland,(%),,23.96
2010,k5,Grassland,(%),,0.0
2010,k5,Wetland,(%),,0.0
2010,k5,Settlement,(%),,0.76
2010,k5,Other Land,(%),,0.04
2010,k5,MGC,(%),,99.21
2015,k1,Forest,(%),,0.0
2015,k1,Cropland,(%),,0.0
2015,k1,Grassland,(%),,0.0
2015,k1,Wetland,(%),,0.0
2015,k1,Settlement,(%),,0.0
2015,k1,Other Land,(%),,0.0
2015,k1,MGCI,(%),,0.0
2015,,MGCI All,(%),,97.21
2015,k2,Forest,(%),,0.0
2015,k2,Cropland,(%),,0.0
2015,k2,Grassland,(%),,0.0
2015,k2,Wetland,(%),,0.0
2015,k2,Settlement,(%),,0.0
2015,k2,Other Land,(%),,0.0
2015,k2,MGCI,(%),,0.0
2015,k3,Forest,(%),,0.0
2015,k3,Cropland,(%),,0.0
2015,k3,Grassland,(%),,0.0
2015,k3,Wetland,(%),,0.0
2015,k3,Settlement,(%),,0.0
2015,k3,Other Land,(%),,0.0
2015,k3,MGCI,(%),,0.0
2015,k4,Forest,(%),,96.34
2015,k4,Cropland,(%),,3.36
2015,k4,Grassland,(%),,0.0
2015,k4,Wetland,(%),,0.0
2015,k4,Settlement,(%),,0.0
2015,k4,Other Land,(%),,0.0
2015,k4,MGCI,(%),,100.0
2015,k5,Forest,(%),,75.01
2015,k5,Cropland,(%),,23.86
2015,k5,Grassland,(%),,0.0
2015,k5,Wetland,(%),,0.0
2015,k5,Settlement,(%),,1.08
2015,k5,Other Land,(%),,0.05
2015,k5,MGC,(%),,98.87
2018,k1,Forest,(%),,0.0
2018,k1,Cropland,(%),,0.0
2018,k1,Grassland,(%),,0.0
2018,k1,Wetland,(%),,0.0
2018,k1,Settlement,(%),,0.0
2018,k1,Other Land,(%),,0.0
2018,k1,MGCI,(%),,0.0
2018,,MGCI All,(%),,96.89
2018,k2,Forest,(%),,0.0
2018,k2,Cropland,(%),,0.0
2018,k2,Grassland,(%),,0.0
2018,k2,Wetland,(%),,0.0
2018,k2,Settlement,(%),,0.0
2018,k2,Other Land,(%),,0.0
2018,k2,MGCI,(%),,0.0
2018,k3,Forest,(%),,0.0
2018,k3,Cropland,(%),,0.0
2018,k3,Grassland,(%),,0.0
2018,k3,Wetland,(%),,0.0
2018,k3,Settlement,(%),,0.0
2018,k3,Other Land,(%),,0.0
2018,k3,MGCI,(%),,0.0
2018,k4,Forest,(%),,96.74
2018,k4,Cropland,(%),,3.26
2018,k4,Grassland,(%),,0.0
2018,k4,Wetland,(%),,0.0
2018,k4,Settlement,(%),,0.0
2018,k4,Other Land,(%),,0.0
2018,k4,MGCI,(%),,100.0
2018,k5,Forest,(%),,74.87
2018,k5,Cropland,(%),,23.8
2018,k5,Grassland,(%),,0.0
2018,k5,Wetland,(%),,0.0
2018,k5,Settlement,(%),,1.27
2018,k5,Other Land,(%),,0.06
2018,k5,MGC,(%),,98.68
2018,,,(km^2 '000),Sum of green cover classes,4.7
2018,,,(Area %),Sum of green cover classes,92.3
2018,,,(km^2 '000),Sum of other land cover classes,0.4
2018,,,(Area %),Sum of other land cover classes,7.7
2019,,,(km^2 '000),Sum of green cover classes,4.7
2019,,,(Area %),Sum of green cover classes,92.0
2019,,,(km^2 '000),Sum of other land cover classes,0.4
2019,,,(Area %),Sum of other land cover classes,8.0
2020,,,(km^2 '000),Sum of green cover classes,4.7
2020,,,(Area %),Sum of green cover classes,91.8
2020,,,(km^2 '000),Sum of other land cover classes,0.4
2020,,,(Area %),Sum of other land cover classes,8.2
2021,,,(km^2 '000),Sum of green cover classes,4.7
2021,,,(Area %),Sum of green cover classes,91.8
2021,,,(km^2 '000),Sum of other land cover classes,0.4
2021,,,(Area %),Sum of other land cover classes,8.2
